primitive_peoples_id,situacao_eleicao,total_votos
66728,SUPLENTE,1185
70669,SUPLENTE,2964
70714,"2º TURNO",534962
70714,ELEITO,712789
3534,SUPLENTE,3516
70715,SUPLENTE,18227
70716,SUPLENTE,506
70717,SUPLENTE,530
68106,SUPLENTE,186
67607,SUPLENTE,9384
70718,SUPLENTE,1204
70719,SUPLENTE,7133
70720,SUPLENTE,2406
68126,"MÉDIA",39730
70721,"NÃO ELEITO",4489
70722,SUPLENTE,225
70723,"NÃO ELEITO",2570
70724,SUPLENTE,87
70725,SUPLENTE,1989
65959,ELEITO,34502
70726,SUPLENTE,8265
64111,"NÃO ELEITO",252
64655,SUPLENTE,2107
67074,SUPLENTE,1259
52658,SUPLENTE,718
68957,SUPLENTE,81074
70727,SUPLENTE,2944
70728,SUPLENTE,380
66454,SUPLENTE,28465
70729,SUPLENTE,28818
70730,SUPLENTE,1329
68148,ELEITO,39740
70731,SUPLENTE,272
3802,SUPLENTE,51
70732,SUPLENTE,484
70733,SUPLENTE,409
70734,SUPLENTE,227
52085,ELEITO,21033
55412,ELEITO,2397851
70735,SUPLENTE,444
70736,SUPLENTE,23427
70737,SUPLENTE,475
70738,SUPLENTE,1510
66084,SUPLENTE,721
70739,SUPLENTE,130
70740,SUPLENTE,631
70741,"NÃO ELEITO",549
66345,SUPLENTE,3348
70742,SUPLENTE,688
70743,SUPLENTE,284
51605,SUPLENTE,454
70744,SUPLENTE,158
70745,SUPLENTE,1650
70746,SUPLENTE,18
39775,SUPLENTE,895
70747,SUPLENTE,4111
70748,SUPLENTE,715
66115,SUPLENTE,4343
65357,SUPLENTE,9911
70749,SUPLENTE,3377
63829,SUPLENTE,707
70750,SUPLENTE,1402
70751,ELEITO,74336
70752,SUPLENTE,2830
70753,SUPLENTE,3979
70754,SUPLENTE,1056
70755,SUPLENTE,388
69355,ELEITO,60293
70756,SUPLENTE,1487
888,SUPLENTE,830
70757,SUPLENTE,111
70758,"NÃO ELEITO",652
70759,SUPLENTE,1879
70760,SUPLENTE,523
64110,"NÃO ELEITO",1379
70761,SUPLENTE,203
70762,"NÃO ELEITO",285
70763,SUPLENTE,161
70764,SUPLENTE,1393
70765,"NÃO ELEITO",112921
70766,SUPLENTE,1713
70767,SUPLENTE,3399
68740,SUPLENTE,11041
70601,SUPLENTE,454
70768,SUPLENTE,1170
34768,SUPLENTE,8200
70769,SUPLENTE,151
67567,SUPLENTE,4611
67527,"NÃO ELEITO",762
70770,SUPLENTE,2594
8935,SUPLENTE,20578
70771,ELEITO,55484
66330,SUPLENTE,344
64304,ELEITO,64080
70772,SUPLENTE,2691
70773,SUPLENTE,166
66129,SUPLENTE,16664
70774,SUPLENTE,28112
37816,SUPLENTE,49584
65039,SUPLENTE,5583
70775,SUPLENTE,1300
68398,SUPLENTE,1158
1171,ELEITO,199956
64349,SUPLENTE,12033
70776,SUPLENTE,229
70777,SUPLENTE,39
68238,SUPLENTE,21467
70778,SUPLENTE,17
70779,SUPLENTE,37714
70780,SUPLENTE,561
70781,SUPLENTE,275
70782,SUPLENTE,683
67693,SUPLENTE,889
70783,SUPLENTE,670
70784,"NÃO ELEITO",22
70785,SUPLENTE,292
46900,SUPLENTE,5350
70786,SUPLENTE,9802
70787,SUPLENTE,577
70788,ELEITO,98280
70789,SUPLENTE,689
70595,"NÃO ELEITO",579
70790,SUPLENTE,181
64654,SUPLENTE,961
66514,SUPLENTE,4355
70791,SUPLENTE,5293
68467,SUPLENTE,816
70792,SUPLENTE,120
64027,SUPLENTE,2575
70793,SUPLENTE,4662
807,ELEITO,4462
1202,ELEITO,36301
69539,ELEITO,53311
70794,SUPLENTE,317
70795,SUPLENTE,995
51647,SUPLENTE,469
70684,SUPLENTE,12926
70796,SUPLENTE,202
65372,SUPLENTE,246
70797,SUPLENTE,295
66322,SUPLENTE,3034
3789,SUPLENTE,849
27640,"NÃO ELEITO",708
70798,SUPLENTE,4401
70549,SUPLENTE,11727
70799,SUPLENTE,1146
70800,SUPLENTE,267
70801,SUPLENTE,4542
70802,SUPLENTE,3841
68505,SUPLENTE,40
70803,SUPLENTE,1012
65546,SUPLENTE,17947
66985,SUPLENTE,13275
70804,ELEITO,2993
70805,SUPLENTE,39
126,SUPLENTE,445
65776,SUPLENTE,2447
70806,SUPLENTE,423
70807,SUPLENTE,957
70808,SUPLENTE,2361
70809,SUPLENTE,317
70810,SUPLENTE,7810
70811,SUPLENTE,1110
867,SUPLENTE,958
70812,SUPLENTE,1261
70813,SUPLENTE,2756
66101,SUPLENTE,928
70814,SUPLENTE,3312
63931,SUPLENTE,19
67014,SUPLENTE,428
64618,SUPLENTE,15869
70815,ELEITO,81796
70816,SUPLENTE,1556
70817,SUPLENTE,681
65818,SUPLENTE,1778
66660,SUPLENTE,528
70668,SUPLENTE,155
70818,SUPLENTE,20203
70819,SUPLENTE,142
70820,SUPLENTE,15004
70821,SUPLENTE,193
70822,SUPLENTE,843
70823,"MÉDIA",3054
70824,SUPLENTE,322
70825,SUPLENTE,668
70826,SUPLENTE,229
70827,SUPLENTE,1393
58406,SUPLENTE,73590
70828,SUPLENTE,8013
70829,SUPLENTE,582
70830,SUPLENTE,1516
70831,SUPLENTE,4280
70832,SUPLENTE,3242
70833,SUPLENTE,1370
70834,SUPLENTE,56
66320,SUPLENTE,1093
372,ELEITO,3824
70835,SUPLENTE,123
70836,SUPLENTE,422
68245,"NÃO ELEITO",3402
70837,SUPLENTE,527
70838,SUPLENTE,2165
70839,SUPLENTE,549
70840,ELEITO,112676
70841,SUPLENTE,7594
70842,SUPLENTE,86
70843,SUPLENTE,546
70844,SUPLENTE,291
70845,SUPLENTE,1560
1495,SUPLENTE,44
70846,ELEITO,30521
70847,SUPLENTE,606
68677,SUPLENTE,2563
66230,ELEITO,528628
70848,SUPLENTE,213
70849,SUPLENTE,289
70850,SUPLENTE,1327
70851,SUPLENTE,142
70852,SUPLENTE,2001
68912,SUPLENTE,484
70853,SUPLENTE,4064
70854,SUPLENTE,69
70855,SUPLENTE,2024
70856,SUPLENTE,32335
70857,SUPLENTE,13
70858,SUPLENTE,192
68899,SUPLENTE,6635
70859,SUPLENTE,1165
68341,SUPLENTE,836
70860,SUPLENTE,1635
70861,SUPLENTE,547
44995,SUPLENTE,24492
41096,SUPLENTE,832
3790,SUPLENTE,228
69984,"NÃO ELEITO",768
70862,SUPLENTE,159
60145,SUPLENTE,53918
70582,"NÃO ELEITO",9731
68824,SUPLENTE,3342
66280,"NÃO ELEITO",11299
70863,SUPLENTE,695
70864,SUPLENTE,156
70865,SUPLENTE,1856
70866,"NÃO ELEITO",915
25074,SUPLENTE,3475
69226,SUPLENTE,5903
70867,SUPLENTE,6619
70868,SUPLENTE,1012
65785,SUPLENTE,2252
70869,SUPLENTE,388
25008,SUPLENTE,42808
4851,"NÃO ELEITO",1054
70870,SUPLENTE,1141
70871,SUPLENTE,5974
70872,SUPLENTE,351
70873,SUPLENTE,2238
65313,ELEITO,31249
70874,SUPLENTE,264
39457,SUPLENTE,890
70875,SUPLENTE,279
70876,SUPLENTE,21
70877,ELEITO,35107
63841,SUPLENTE,6481
70878,SUPLENTE,747
70662,SUPLENTE,1020
70879,"NÃO ELEITO",453
70880,SUPLENTE,1311
70881,SUPLENTE,541
70882,SUPLENTE,517
67636,SUPLENTE,1985
70883,SUPLENTE,126
70884,"NÃO ELEITO",19
70885,SUPLENTE,4166
70886,ELEITO,162037
70887,SUPLENTE,9
70888,SUPLENTE,25
70889,SUPLENTE,3856
70890,SUPLENTE,48006
36349,SUPLENTE,555
70891,SUPLENTE,730
70892,SUPLENTE,963
70893,SUPLENTE,310
70894,ELEITO,69571
70895,SUPLENTE,1542
63818,SUPLENTE,676
68528,SUPLENTE,2705
70896,SUPLENTE,175
64006,SUPLENTE,1532
70897,SUPLENTE,795
70898,SUPLENTE,238
64464,"MÉDIA",25365
70899,SUPLENTE,4553
68913,SUPLENTE,8717
70900,SUPLENTE,1088
69894,"MÉDIA",76915
70901,SUPLENTE,57
69900,ELEITO,86342
67138,ELEITO,51203
70902,SUPLENTE,80606
70903,"NÃO ELEITO",398
13502,ELEITO,92268
70904,SUPLENTE,897
69574,SUPLENTE,4029
66697,SUPLENTE,361
7083,SUPLENTE,10950
69846,SUPLENTE,10253
66199,SUPLENTE,3085
70905,SUPLENTE,105
70906,SUPLENTE,1216
70907,ELEITO,165630
70908,SUPLENTE,267
70909,SUPLENTE,613
63810,SUPLENTE,3009
70910,SUPLENTE,7569
70911,SUPLENTE,13800
70912,SUPLENTE,4385
68254,"NÃO ELEITO",2820
70913,SUPLENTE,387
70914,ELEITO,97352
67528,SUPLENTE,887
70915,SUPLENTE,13287
70916,SUPLENTE,230
65247,SUPLENTE,398
70917,SUPLENTE,100
70918,"NÃO ELEITO",1340
53231,ELEITO,19329
63696,ELEITO,6472
889,SUPLENTE,253
68164,ELEITO,59220
23618,"MÉDIA",51933
64005,SUPLENTE,2088
70919,SUPLENTE,271
70920,"NÃO ELEITO",2922
70921,ELEITO,45506
70922,ELEITO,4646
70923,SUPLENTE,334
68613,SUPLENTE,1205
70924,SUPLENTE,2047
70925,SUPLENTE,395
70926,SUPLENTE,9823
70927,SUPLENTE,6366
63729,SUPLENTE,2998
70928,SUPLENTE,381
70929,SUPLENTE,21665
70930,SUPLENTE,162
70931,ELEITO,904345
70932,SUPLENTE,251
70933,SUPLENTE,250
51423,SUPLENTE,1241
70934,SUPLENTE,1194
65757,SUPLENTE,5835
66789,SUPLENTE,1271
70935,SUPLENTE,101
36155,SUPLENTE,742
43154,SUPLENTE,261
64116,"NÃO ELEITO",1075
70936,"MÉDIA",24704
70937,SUPLENTE,822
64462,SUPLENTE,348
70938,SUPLENTE,1159
70939,SUPLENTE,3540
65777,SUPLENTE,5489
70940,SUPLENTE,3111
70941,SUPLENTE,11
70942,SUPLENTE,281
70943,SUPLENTE,778
69001,SUPLENTE,441
70944,SUPLENTE,389
70945,SUPLENTE,355
70946,SUPLENTE,464
70947,"NÃO ELEITO",14755
3479,SUPLENTE,3166
65884,SUPLENTE,123
70948,SUPLENTE,796
70949,SUPLENTE,509
3139,SUPLENTE,850
70950,SUPLENTE,1612
63885,ELEITO,6155
70951,SUPLENTE,443
70952,SUPLENTE,681
64722,SUPLENTE,5404
780,SUPLENTE,610
60197,"NÃO ELEITO",1907
70953,"NÃO ELEITO",3064
70954,SUPLENTE,3689
67120,SUPLENTE,4185
70955,SUPLENTE,548
66941,ELEITO,120646
52738,SUPLENTE,499
70956,"NÃO ELEITO",116
70957,SUPLENTE,1637
70958,SUPLENTE,135
70959,SUPLENTE,7070
54592,SUPLENTE,5737
68523,SUPLENTE,839
70960,"NÃO ELEITO",27864
70961,SUPLENTE,861
70962,SUPLENTE,66532
70963,SUPLENTE,82028
26788,SUPLENTE,52443
70964,SUPLENTE,212
70965,SUPLENTE,346
70966,SUPLENTE,12
65398,SUPLENTE,1517
15320,SUPLENTE,411
66685,SUPLENTE,4125
65640,SUPLENTE,1012
70967,SUPLENTE,513
64399,SUPLENTE,12626
23734,ELEITO,129515
70968,SUPLENTE,1076
65466,SUPLENTE,806
70969,SUPLENTE,341
64301,SUPLENTE,6441
70970,SUPLENTE,528
70971,SUPLENTE,1287
13004,ELEITO,22027
3471,SUPLENTE,1219
70972,SUPLENTE,781
70973,SUPLENTE,2979
70974,SUPLENTE,31850
70975,"MÉDIA",17932
70976,"NÃO ELEITO",420
70977,SUPLENTE,607
70978,SUPLENTE,719
70979,SUPLENTE,6154
69915,"NÃO ELEITO",33635
68933,SUPLENTE,460
70980,SUPLENTE,1431
70981,SUPLENTE,122
70982,"NÃO ELEITO",853220
66826,SUPLENTE,5742
70983,SUPLENTE,307
70984,SUPLENTE,163
70985,"NÃO ELEITO",160
70986,SUPLENTE,19373
70987,SUPLENTE,205
813,SUPLENTE,31
12957,SUPLENTE,3012
70988,SUPLENTE,286
70989,SUPLENTE,316
70990,SUPLENTE,9205
64032,"NÃO ELEITO",51
70991,SUPLENTE,2340
70992,SUPLENTE,105
65727,SUPLENTE,598
70993,SUPLENTE,559
65184,SUPLENTE,5978
70994,SUPLENTE,667
70995,SUPLENTE,1056
70996,SUPLENTE,55654
70997,SUPLENTE,213
70998,SUPLENTE,563
70999,SUPLENTE,408
71000,SUPLENTE,609
71001,SUPLENTE,657
63822,SUPLENTE,11018
69896,SUPLENTE,2325
71002,SUPLENTE,70022
71003,SUPLENTE,226
71004,SUPLENTE,298
67975,SUPLENTE,5001
71005,SUPLENTE,80
71006,SUPLENTE,371
69075,SUPLENTE,45566
55314,SUPLENTE,54
71007,SUPLENTE,306
333,SUPLENTE,817
67613,SUPLENTE,3450
67921,SUPLENTE,5941
59918,SUPLENTE,490
66854,ELEITO,62599
69006,SUPLENTE,17128
59027,ELEITO,35952
71008,SUPLENTE,34171
69267,SUPLENTE,9562
71009,SUPLENTE,0
71010,SUPLENTE,567
71011,SUPLENTE,19004
70622,SUPLENTE,3666
71012,ELEITO,36519
935,SUPLENTE,296
71013,SUPLENTE,89
71014,SUPLENTE,1319
68109,SUPLENTE,18324
14875,ELEITO,45046
71015,ELEITO,134515
71016,SUPLENTE,1991
71017,SUPLENTE,529
43185,SUPLENTE,13203
71018,SUPLENTE,2792
71019,SUPLENTE,18125
68814,SUPLENTE,1780
71020,SUPLENTE,251
71021,SUPLENTE,347
71022,SUPLENTE,237
71023,SUPLENTE,25366
71024,SUPLENTE,2006
15353,SUPLENTE,43215
71025,SUPLENTE,874
71026,"NÃO ELEITO",2306
71027,SUPLENTE,509
71028,SUPLENTE,698
71029,SUPLENTE,972
60422,ELEITO,50274
71030,SUPLENTE,1009
71031,SUPLENTE,342
64230,SUPLENTE,2396
68506,SUPLENTE,247
71032,SUPLENTE,765
71033,SUPLENTE,81
65750,ELEITO,65826
69262,SUPLENTE,2298
71034,SUPLENTE,96
64710,SUPLENTE,10883
29325,SUPLENTE,13574
40378,SUPLENTE,1721
71035,SUPLENTE,21840
65888,SUPLENTE,11464
71036,"NÃO ELEITO",637
71037,"NÃO ELEITO",605
70072,"NÃO ELEITO",590
68333,SUPLENTE,67
71038,SUPLENTE,109
71039,SUPLENTE,2586
71040,SUPLENTE,239
71041,SUPLENTE,131
71042,ELEITO,39537
71043,SUPLENTE,1362
71044,SUPLENTE,629
63771,SUPLENTE,1290
12027,SUPLENTE,10764
71045,SUPLENTE,478
71046,"NÃO ELEITO",922
68550,SUPLENTE,1993
64739,SUPLENTE,704
71047,SUPLENTE,2096
71048,SUPLENTE,270
71049,"NÃO ELEITO",568
15379,SUPLENTE,485
71050,SUPLENTE,316
71051,SUPLENTE,503
68583,SUPLENTE,1778
15991,SUPLENTE,4095
71052,SUPLENTE,8
71053,SUPLENTE,1613
71054,SUPLENTE,575
71055,SUPLENTE,621
71056,SUPLENTE,2119
70105,SUPLENTE,33270
71057,SUPLENTE,1033
71058,SUPLENTE,47815
68748,SUPLENTE,454
71059,SUPLENTE,180
71060,SUPLENTE,134
71061,SUPLENTE,23
71062,SUPLENTE,2278
71063,SUPLENTE,2115
7095,SUPLENTE,2487
71064,SUPLENTE,2552
71065,SUPLENTE,509
64395,SUPLENTE,823
71066,SUPLENTE,345
64106,"NÃO ELEITO",1006
64743,ELEITO,75707
71067,SUPLENTE,2342
71068,SUPLENTE,3825
64231,ELEITO,32091
71069,SUPLENTE,1768
65472,SUPLENTE,15978
70634,SUPLENTE,1041
71070,SUPLENTE,319
71071,SUPLENTE,194
71072,ELEITO,2939
68905,SUPLENTE,6125
71073,"NÃO ELEITO",165705
71074,SUPLENTE,2651
71075,SUPLENTE,1323
36120,SUPLENTE,741
71076,SUPLENTE,876
71077,SUPLENTE,4501
68681,SUPLENTE,391
65185,SUPLENTE,2493
68529,SUPLENTE,989
67447,ELEITO,177253
71078,"NÃO ELEITO",1632671
68881,SUPLENTE,2568
71079,"MÉDIA",18897
71080,SUPLENTE,30875
71081,SUPLENTE,133
71082,SUPLENTE,1673
71083,SUPLENTE,2690
1284,SUPLENTE,2656
71084,SUPLENTE,787
71085,SUPLENTE,792
38701,SUPLENTE,18877
51644,SUPLENTE,6284
66930,SUPLENTE,6732
6296,SUPLENTE,9837
64772,SUPLENTE,240
68590,SUPLENTE,5243
68673,SUPLENTE,4815
71086,SUPLENTE,376
68526,SUPLENTE,419
71087,ELEITO,25171
3776,SUPLENTE,756
71088,SUPLENTE,1135
66293,ELEITO,138811
71089,"NÃO ELEITO",29176
66174,"MÉDIA",38791
71090,"MÉDIA",16151
71091,SUPLENTE,170
64514,ELEITO,28081
71092,SUPLENTE,202
2545,SUPLENTE,2370
71093,SUPLENTE,541
71094,SUPLENTE,696
71095,SUPLENTE,59
71096,SUPLENTE,131
65892,SUPLENTE,5850
39065,SUPLENTE,13566
67166,ELEITO,240724
66411,SUPLENTE,1981
52567,SUPLENTE,334
71097,SUPLENTE,101
71098,SUPLENTE,19158
71099,SUPLENTE,2160
71100,SUPLENTE,684
71101,SUPLENTE,632
71102,SUPLENTE,255
68142,ELEITO,83254
68368,SUPLENTE,689
71103,SUPLENTE,69
66309,SUPLENTE,10039
69596,ELEITO,65564
71104,SUPLENTE,2722
71105,SUPLENTE,283
1196,SUPLENTE,4620
71106,SUPLENTE,3532
66453,SUPLENTE,51896
71107,SUPLENTE,499
67158,"NÃO ELEITO",536147
71108,SUPLENTE,787
71109,SUPLENTE,837
71110,SUPLENTE,305
71111,"NÃO ELEITO",90
71112,SUPLENTE,570
71113,SUPLENTE,727
71114,SUPLENTE,516
71115,SUPLENTE,209
66943,SUPLENTE,2205
58307,SUPLENTE,14014
71116,SUPLENTE,2290
66774,SUPLENTE,1312
71117,SUPLENTE,1331
64711,SUPLENTE,10251
65363,SUPLENTE,15320
71118,"NÃO ELEITO",506
71119,ELEITO,52123
44324,SUPLENTE,5601
64400,SUPLENTE,1550
71120,SUPLENTE,5752
68265,SUPLENTE,129
3590,SUPLENTE,1099
71121,SUPLENTE,34406
71122,"NÃO ELEITO",742
67015,SUPLENTE,1235
71123,"NÃO ELEITO",515
71124,SUPLENTE,47
71125,ELEITO,45739
71126,SUPLENTE,245
64251,SUPLENTE,13466
42479,SUPLENTE,1086
71127,SUPLENTE,722
68121,ELEITO,43607
44164,"MÉDIA",22619
7086,SUPLENTE,1045
68743,SUPLENTE,2920
68984,ELEITO,98209
71128,SUPLENTE,2672
71129,SUPLENTE,484
71130,SUPLENTE,380
66871,SUPLENTE,532
71131,SUPLENTE,1423
51453,SUPLENTE,1691
43709,SUPLENTE,15223
71132,"MÉDIA",73185
42945,SUPLENTE,2894
71133,SUPLENTE,1808
71134,SUPLENTE,154
71135,SUPLENTE,191
71136,SUPLENTE,443
71137,SUPLENTE,359
71138,SUPLENTE,64
71139,ELEITO,71036
71140,SUPLENTE,1405
63331,"NÃO ELEITO",5412
71141,SUPLENTE,76
66923,SUPLENTE,360
69817,"NÃO ELEITO",66271
66153,SUPLENTE,1253
66162,SUPLENTE,3730
71142,SUPLENTE,472
71143,SUPLENTE,101
71144,SUPLENTE,450
71145,SUPLENTE,217
71146,SUPLENTE,5626
71147,SUPLENTE,2991
71148,SUPLENTE,361
71149,SUPLENTE,4582
68798,SUPLENTE,4512
71150,SUPLENTE,121
71151,SUPLENTE,12654
71152,SUPLENTE,498
65743,SUPLENTE,1349
71153,SUPLENTE,201
71154,"NÃO ELEITO",895
71155,SUPLENTE,754
71156,SUPLENTE,579
71157,SUPLENTE,205
71158,SUPLENTE,15
71159,SUPLENTE,380
66704,SUPLENTE,165
71160,SUPLENTE,1362
66915,SUPLENTE,6888
71161,SUPLENTE,415
71162,SUPLENTE,3025
71163,SUPLENTE,49
71164,SUPLENTE,2256
71165,SUPLENTE,264
71166,SUPLENTE,4632
71167,SUPLENTE,4646
71168,SUPLENTE,674
53011,SUPLENTE,2882
68934,SUPLENTE,2101
71169,SUPLENTE,4809
71170,SUPLENTE,678
71171,ELEITO,72796
71172,SUPLENTE,155
64431,"MÉDIA",24756
71173,SUPLENTE,4563
71174,SUPLENTE,66
71175,SUPLENTE,375
69981,"NÃO ELEITO",375
68540,SUPLENTE,19157
71176,"NÃO ELEITO",391352
71177,"NÃO ELEITO",1627050
65219,SUPLENTE,182
71178,SUPLENTE,94
39394,ELEITO,52099
71179,SUPLENTE,2720
67640,SUPLENTE,5442
4404,"NÃO ELEITO",389337
71180,SUPLENTE,748
71181,SUPLENTE,185
67862,SUPLENTE,23183
71182,SUPLENTE,24459
71183,SUPLENTE,18957
71184,SUPLENTE,1042
71185,SUPLENTE,876
64706,SUPLENTE,3732
71186,SUPLENTE,4907
71187,SUPLENTE,374
71188,SUPLENTE,221
71189,ELEITO,5217972
71190,SUPLENTE,202
71191,SUPLENTE,8556
71192,SUPLENTE,5004
71193,SUPLENTE,162
71194,SUPLENTE,23534
71195,ELEITO,128718
65557,"NÃO ELEITO",586
45321,SUPLENTE,1743
71196,SUPLENTE,219
71197,SUPLENTE,1818
52410,SUPLENTE,1336
71198,SUPLENTE,3918
71199,SUPLENTE,116
71200,SUPLENTE,227
71201,SUPLENTE,16452
71202,SUPLENTE,220
71203,SUPLENTE,716
10395,SUPLENTE,849
71204,SUPLENTE,375
71205,SUPLENTE,515
71206,SUPLENTE,436
71207,SUPLENTE,659
71208,SUPLENTE,485
71209,SUPLENTE,9653
71210,SUPLENTE,1629
71211,"NÃO ELEITO",1499
64746,SUPLENTE,8266
71212,SUPLENTE,269
71213,SUPLENTE,2533
71214,"NÃO ELEITO",1630
71215,SUPLENTE,1193
66790,SUPLENTE,2922
68508,SUPLENTE,930
71216,SUPLENTE,369
71217,SUPLENTE,10018
71218,SUPLENTE,1156
71219,SUPLENTE,18443
71220,SUPLENTE,3104
71221,SUPLENTE,369
68904,SUPLENTE,138
71222,SUPLENTE,110
68884,SUPLENTE,4440
34494,SUPLENTE,105
71223,SUPLENTE,37891
71224,SUPLENTE,730
71225,SUPLENTE,1408
66538,SUPLENTE,27150
71226,SUPLENTE,1095
64221,SUPLENTE,3426
71227,SUPLENTE,535
68638,SUPLENTE,6742
71228,SUPLENTE,774
71229,"NÃO ELEITO",811
71230,SUPLENTE,14130
71231,SUPLENTE,148
14818,SUPLENTE,8843
64552,SUPLENTE,7955
71232,SUPLENTE,290
71233,SUPLENTE,8605
5056,ELEITO,34137
71234,SUPLENTE,5120
51082,"NÃO ELEITO",12658
69861,SUPLENTE,6264
71235,SUPLENTE,255
71236,SUPLENTE,30254
71237,SUPLENTE,2332
64438,SUPLENTE,4933
40838,SUPLENTE,418
62784,SUPLENTE,69
55831,ELEITO,54049
65797,ELEITO,84006
1883,ELEITO,20306
71238,SUPLENTE,449
71239,SUPLENTE,465
68888,SUPLENTE,1418
43385,ELEITO,51011
68592,SUPLENTE,428
71240,SUPLENTE,524
71241,SUPLENTE,227
27816,SUPLENTE,2344
27514,SUPLENTE,4585
12959,SUPLENTE,13307
71242,SUPLENTE,446
69842,SUPLENTE,495
68262,SUPLENTE,159
71243,SUPLENTE,4699
3754,SUPLENTE,154
71244,SUPLENTE,355
71245,SUPLENTE,147
70294,SUPLENTE,36015
55571,"MÉDIA",51218
46370,SUPLENTE,9272
71246,SUPLENTE,860
71247,SUPLENTE,34585
71248,SUPLENTE,1826
71249,SUPLENTE,3946
71250,SUPLENTE,3174
71251,SUPLENTE,292
71252,SUPLENTE,748
71253,SUPLENTE,302
71254,SUPLENTE,214
71255,SUPLENTE,11794
62634,ELEITO,67357
71256,SUPLENTE,2888
71257,SUPLENTE,53
71258,SUPLENTE,76
62704,"NÃO ELEITO",957
71259,SUPLENTE,254
71260,SUPLENTE,1391
71261,SUPLENTE,903
71262,SUPLENTE,401
71263,SUPLENTE,421
68614,SUPLENTE,221
68701,SUPLENTE,513
67832,SUPLENTE,1561
71264,SUPLENTE,1119
71265,SUPLENTE,346
68943,SUPLENTE,756
71266,SUPLENTE,251
71267,SUPLENTE,1023
66668,ELEITO,55027
71268,SUPLENTE,35800
66979,SUPLENTE,6321
65341,SUPLENTE,7599
64719,"NÃO ELEITO",343
69337,SUPLENTE,35
71269,SUPLENTE,701
71270,SUPLENTE,98
55332,SUPLENTE,15085
70682,ELEITO,115647
64093,"NÃO ELEITO",436
71271,SUPLENTE,1058
71272,SUPLENTE,200
71273,SUPLENTE,421
71274,SUPLENTE,1970
53289,SUPLENTE,1386
71275,SUPLENTE,1405
71276,SUPLENTE,4051
68479,SUPLENTE,5723
66606,SUPLENTE,1451
71277,SUPLENTE,2775
71278,SUPLENTE,297
71279,SUPLENTE,150
71280,SUPLENTE,532
66122,SUPLENTE,356
71281,"NÃO ELEITO",620
68572,SUPLENTE,1051
1834,ELEITO,32623
67854,SUPLENTE,3096
71282,SUPLENTE,1054
4026,SUPLENTE,151
71283,SUPLENTE,175
71284,SUPLENTE,294
71285,SUPLENTE,118
71286,SUPLENTE,5376
71287,SUPLENTE,562
64129,SUPLENTE,2240
68532,SUPLENTE,6238
71288,SUPLENTE,602
71289,SUPLENTE,557
65045,SUPLENTE,2294
71290,SUPLENTE,87
71291,SUPLENTE,1716
71292,SUPLENTE,283
71293,SUPLENTE,205
71294,SUPLENTE,358
625,SUPLENTE,1891
66764,SUPLENTE,2906
71295,SUPLENTE,273
4869,SUPLENTE,9354
62582,ELEITO,48416
29719,SUPLENTE,1614
69860,ELEITO,57092
71296,SUPLENTE,1664
67083,SUPLENTE,6071
71297,SUPLENTE,63
71298,ELEITO,70735
64704,SUPLENTE,123
71299,SUPLENTE,278
71300,ELEITO,2436940
69536,SUPLENTE,727
66347,SUPLENTE,10917
71301,SUPLENTE,366
67709,SUPLENTE,19989
71302,SUPLENTE,6903
71303,SUPLENTE,43
71304,SUPLENTE,460
66315,SUPLENTE,2036
71305,"NÃO ELEITO",804
71306,SUPLENTE,757
71307,SUPLENTE,248
64526,"NÃO ELEITO",8758
71308,SUPLENTE,7479
71309,SUPLENTE,449
71310,SUPLENTE,812
68274,SUPLENTE,920
71311,SUPLENTE,1295
45169,SUPLENTE,243
71312,SUPLENTE,794
71313,SUPLENTE,9118
67602,SUPLENTE,160
67716,SUPLENTE,15975
71314,SUPLENTE,86
51319,SUPLENTE,22317
71315,SUPLENTE,24038
71316,SUPLENTE,299
69274,SUPLENTE,58156
71317,SUPLENTE,802
71318,"NÃO ELEITO",1035
71319,"NÃO ELEITO",285
71320,SUPLENTE,1127
71321,SUPLENTE,78
66517,SUPLENTE,3703
66080,SUPLENTE,1633
714,SUPLENTE,39
48985,SUPLENTE,1631
71322,SUPLENTE,3487
68811,SUPLENTE,2274
71323,SUPLENTE,1187
71324,SUPLENTE,10696
71325,SUPLENTE,449
71326,SUPLENTE,153
55729,ELEITO,35943
67956,ELEITO,42398
63930,ELEITO,4817
71327,SUPLENTE,1582
35764,"MÉDIA",28798
71328,SUPLENTE,1540
71329,SUPLENTE,2676
71330,SUPLENTE,4459
71331,SUPLENTE,2632
66377,SUPLENTE,337
71332,SUPLENTE,3287
71333,"MÉDIA",41733
71334,SUPLENTE,806
71335,SUPLENTE,1381
71336,SUPLENTE,2170
71337,SUPLENTE,8529
68247,"NÃO ELEITO",6771
71338,SUPLENTE,8180
66093,SUPLENTE,957
59519,SUPLENTE,702
71339,SUPLENTE,86
71340,SUPLENTE,774
71341,SUPLENTE,1165
71342,"MÉDIA",29248
67831,SUPLENTE,2490
71343,SUPLENTE,290
71344,SUPLENTE,223
12157,SUPLENTE,894
52368,SUPLENTE,1146
71345,SUPLENTE,7599
66266,SUPLENTE,2499
71346,SUPLENTE,2967
68878,SUPLENTE,1007
71347,SUPLENTE,1922
71348,SUPLENTE,201
70602,SUPLENTE,746
53375,SUPLENTE,1357
47684,SUPLENTE,1605
16440,SUPLENTE,3460
71349,SUPLENTE,360
71350,SUPLENTE,1385
71351,SUPLENTE,278
71352,SUPLENTE,542
71353,SUPLENTE,1276
71354,SUPLENTE,2920
71355,SUPLENTE,241
71356,SUPLENTE,542
71357,SUPLENTE,2960
70623,SUPLENTE,5401
66478,SUPLENTE,2391
71358,SUPLENTE,2383
71359,SUPLENTE,223
42255,SUPLENTE,967
63821,SUPLENTE,1194
63936,SUPLENTE,2783
65874,SUPLENTE,196
71360,"NÃO ELEITO",5947
71361,SUPLENTE,2530
67112,SUPLENTE,29354
66518,SUPLENTE,1067
71362,SUPLENTE,445
71363,SUPLENTE,2115
67530,SUPLENTE,2800
71364,SUPLENTE,10284
71365,SUPLENTE,52
68656,SUPLENTE,544
71366,SUPLENTE,278
71367,SUPLENTE,1345
52561,SUPLENTE,7518
71368,SUPLENTE,856
66168,"MÉDIA",10586
71369,SUPLENTE,918
69014,SUPLENTE,2119
71370,SUPLENTE,105
71371,SUPLENTE,24055
40406,SUPLENTE,1990
71372,SUPLENTE,213
71373,SUPLENTE,3098
71374,SUPLENTE,104
71375,SUPLENTE,314
71376,SUPLENTE,1006
71377,SUPLENTE,39864
71378,ELEITO,140180
71379,SUPLENTE,1175
71380,SUPLENTE,455
71381,SUPLENTE,257
50322,SUPLENTE,3795
68797,SUPLENTE,186
64011,ELEITO,4672
71382,SUPLENTE,354
71383,SUPLENTE,32696
68460,SUPLENTE,701
70629,SUPLENTE,12585
71384,"NÃO ELEITO",38599
71385,SUPLENTE,726
64013,SUPLENTE,1297
71386,SUPLENTE,346
59296,ELEITO,26384
64779,"NÃO ELEITO",3048034
71387,SUPLENTE,13000
71388,SUPLENTE,916
71389,SUPLENTE,77438
71390,SUPLENTE,23983
64016,SUPLENTE,242
71391,SUPLENTE,48793
71392,SUPLENTE,10908
71393,SUPLENTE,1549
71394,SUPLENTE,504
71395,SUPLENTE,1945
60187,"NÃO ELEITO",113705
71396,ELEITO,87210
71397,SUPLENTE,643
31714,SUPLENTE,1310
12636,SUPLENTE,2081
38077,ELEITO,32855
71398,ELEITO,80862
71399,SUPLENTE,2175
71400,ELEITO,170202
68783,SUPLENTE,1904
68402,SUPLENTE,2236
52876,SUPLENTE,4029
71401,SUPLENTE,1252
71402,ELEITO,21999
71403,SUPLENTE,5824
71404,SUPLENTE,322
68885,SUPLENTE,737
71405,SUPLENTE,13702
71406,SUPLENTE,180
71407,SUPLENTE,470
66602,SUPLENTE,1201
71408,SUPLENTE,25684
68950,SUPLENTE,1691
71409,"NÃO ELEITO",437
71410,SUPLENTE,226
71411,SUPLENTE,29852
55936,SUPLENTE,244
71412,SUPLENTE,107
71413,SUPLENTE,757
71414,SUPLENTE,3024
71415,SUPLENTE,4449
71416,SUPLENTE,200
71417,SUPLENTE,1220
71418,ELEITO,146859
66263,SUPLENTE,61973
71419,ELEITO,109710
71420,SUPLENTE,259
71421,SUPLENTE,523
71422,SUPLENTE,414
71423,SUPLENTE,1496
58197,ELEITO,26146
65246,SUPLENTE,2357
71424,SUPLENTE,8628
71425,SUPLENTE,373
71426,SUPLENTE,1113
71427,SUPLENTE,1205
28717,SUPLENTE,10314
70603,SUPLENTE,935
71428,SUPLENTE,104
71429,SUPLENTE,537
820,SUPLENTE,1384
15250,SUPLENTE,1519
70344,SUPLENTE,4833
71430,"NÃO ELEITO",775852
71431,SUPLENTE,8
71432,SUPLENTE,424
64456,SUPLENTE,16490
71433,SUPLENTE,309
71434,SUPLENTE,462
71435,SUPLENTE,100
71436,"NÃO ELEITO",370
66869,SUPLENTE,3254
71437,SUPLENTE,13778
66092,SUPLENTE,358
71438,"NÃO ELEITO",427
71439,SUPLENTE,6169
71440,SUPLENTE,2311
71441,SUPLENTE,510
71442,SUPLENTE,1020
71443,SUPLENTE,3071
66524,SUPLENTE,7885
71444,SUPLENTE,4211
71445,SUPLENTE,1067
71446,SUPLENTE,660
71447,SUPLENTE,538
65451,ELEITO,44549
71448,SUPLENTE,214
71449,SUPLENTE,3069
71450,SUPLENTE,202
71451,SUPLENTE,76
71452,SUPLENTE,1342
68351,SUPLENTE,22784
63706,SUPLENTE,1389
71453,SUPLENTE,2510
71454,"NÃO ELEITO",654035
62638,SUPLENTE,32207
71455,SUPLENTE,304
68509,"MÉDIA",21366
68340,SUPLENTE,742
71456,SUPLENTE,1020
42204,SUPLENTE,7725
65556,"NÃO ELEITO",5738
71457,"NÃO ELEITO",1242
71458,SUPLENTE,298
71459,SUPLENTE,947
69566,SUPLENTE,1172
71460,SUPLENTE,14874
71461,"NÃO ELEITO",9868
71462,SUPLENTE,620
71463,SUPLENTE,1566
71464,SUPLENTE,7249
71465,SUPLENTE,815
71466,SUPLENTE,1383
43773,SUPLENTE,8507
71467,SUPLENTE,400
68867,SUPLENTE,484
71468,SUPLENTE,2131
71469,"NÃO ELEITO",2880
71470,SUPLENTE,180
71471,SUPLENTE,548
71472,SUPLENTE,292
71473,SUPLENTE,442
71474,SUPLENTE,10586
71475,SUPLENTE,333
71476,SUPLENTE,109
71477,SUPLENTE,5
71478,SUPLENTE,137
68538,SUPLENTE,3621
65843,SUPLENTE,260
70340,SUPLENTE,13505
71479,SUPLENTE,384
71480,SUPLENTE,836
66089,SUPLENTE,612
65182,SUPLENTE,518
6994,"2º TURNO",394155
6994,"NÃO ELEITO",638762
71481,SUPLENTE,58
71482,SUPLENTE,14821
71483,SUPLENTE,523
64162,SUPLENTE,4476
9728,SUPLENTE,1481
71484,ELEITO,97266
28246,SUPLENTE,23612
71485,SUPLENTE,926
66275,SUPLENTE,397
35770,SUPLENTE,918
64061,SUPLENTE,51864
71486,SUPLENTE,2731
71487,SUPLENTE,2442
53564,SUPLENTE,2855
71488,SUPLENTE,663
66881,SUPLENTE,1067
66942,SUPLENTE,6604
71489,SUPLENTE,2117
71490,SUPLENTE,3208
67612,SUPLENTE,3947
71491,SUPLENTE,767
71492,SUPLENTE,2147
66128,SUPLENTE,930
71493,SUPLENTE,146
71494,SUPLENTE,9514
71495,SUPLENTE,29685
71496,SUPLENTE,347
71497,"NÃO ELEITO",1444
71498,SUPLENTE,1282
40820,SUPLENTE,5533
51665,SUPLENTE,15580
71499,SUPLENTE,797
3957,SUPLENTE,2211
51063,"NÃO ELEITO",753
65520,ELEITO,30583
67565,SUPLENTE,21200
12435,ELEITO,32618
71500,SUPLENTE,988
64437,ELEITO,43304
71501,SUPLENTE,562
65853,SUPLENTE,1981
64773,SUPLENTE,242
71502,SUPLENTE,6185
71503,SUPLENTE,670
71504,"NÃO ELEITO",74
71505,SUPLENTE,44476
71506,SUPLENTE,383
71507,SUPLENTE,101
4975,SUPLENTE,4486
60203,"NÃO ELEITO",341
71508,SUPLENTE,547
71509,SUPLENTE,0
71510,ELEITO,15849
71511,SUPLENTE,2405
71512,"NÃO ELEITO",596
64441,SUPLENTE,805
71513,SUPLENTE,143
70599,SUPLENTE,4916
12,ELEITO,5275
66273,SUPLENTE,500
71514,SUPLENTE,1147
71515,SUPLENTE,545
66310,SUPLENTE,4028
71516,SUPLENTE,10953
71517,SUPLENTE,1537
71518,SUPLENTE,51269
40460,SUPLENTE,242
9930,SUPLENTE,3
70597,"NÃO ELEITO",6804
71519,"NÃO ELEITO",10145
42277,SUPLENTE,12578
68151,SUPLENTE,2594
40424,SUPLENTE,2019
71520,SUPLENTE,5976
71521,SUPLENTE,763
71522,"NÃO ELEITO",335
69977,"NÃO ELEITO",375
71523,SUPLENTE,1855
71524,SUPLENTE,155
71525,SUPLENTE,1021
71526,SUPLENTE,487
71527,SUPLENTE,492
67979,SUPLENTE,1553
62723,"NÃO ELEITO",1129
38142,SUPLENTE,3691
67731,SUPLENTE,483
71528,ELEITO,95584
68856,SUPLENTE,269
65299,"NÃO ELEITO",2605
71529,SUPLENTE,2051
71530,SUPLENTE,948
71531,SUPLENTE,325
71532,SUPLENTE,1471
65340,SUPLENTE,577
65811,SUPLENTE,6657
71533,SUPLENTE,1005
71534,SUPLENTE,609
68256,"NÃO ELEITO",10377
71535,SUPLENTE,6177
71536,SUPLENTE,1547
71537,SUPLENTE,354
71538,SUPLENTE,1427
71539,SUPLENTE,524
71540,SUPLENTE,326
68546,SUPLENTE,1286
71541,SUPLENTE,804
71542,ELEITO,46877
71543,SUPLENTE,424
71544,SUPLENTE,76
71545,SUPLENTE,104
71546,SUPLENTE,1953
71547,SUPLENTE,2901
71548,SUPLENTE,2997
71549,SUPLENTE,306
71550,SUPLENTE,207
4005,SUPLENTE,541
71551,SUPLENTE,360
71552,SUPLENTE,428
71553,SUPLENTE,263
71554,SUPLENTE,615
71555,SUPLENTE,336
71556,"NÃO ELEITO",1030
71557,SUPLENTE,676
71558,SUPLENTE,674
71559,SUPLENTE,499
71560,"NÃO ELEITO",164
64007,SUPLENTE,1637
71561,ELEITO,4383
66847,SUPLENTE,8241
68553,SUPLENTE,13172
71562,SUPLENTE,559
71563,SUPLENTE,1542
71564,SUPLENTE,1048
71565,SUPLENTE,124
67756,ELEITO,41480
71566,"NÃO ELEITO",3047
71567,SUPLENTE,3592
71568,"NÃO ELEITO",570
70349,"MÉDIA",38517
71569,"NÃO ELEITO",56
66480,SUPLENTE,255
64778,ELEITO,58322
71570,SUPLENTE,646
71571,SUPLENTE,1047
71572,SUPLENTE,366
11433,SUPLENTE,97
71573,SUPLENTE,896
71574,SUPLENTE,138
70665,SUPLENTE,852
71575,SUPLENTE,6518
71576,"NÃO ELEITO",1244
71577,SUPLENTE,181
34601,"MÉDIA",63119
71578,SUPLENTE,23137
65082,SUPLENTE,543
68345,SUPLENTE,460
71579,SUPLENTE,229
71580,SUPLENTE,208
71581,SUPLENTE,268
71582,SUPLENTE,176
71583,"NÃO ELEITO",675
71584,"NÃO ELEITO",406
66361,SUPLENTE,1192
71585,SUPLENTE,135
1586,SUPLENTE,144
71586,SUPLENTE,810
71587,SUPLENTE,408
71588,SUPLENTE,362
64295,ELEITO,77832
71589,SUPLENTE,5704
71590,SUPLENTE,1012
71591,SUPLENTE,213
71592,SUPLENTE,303
71593,SUPLENTE,6441
64394,ELEITO,111104
71594,SUPLENTE,2243
55132,SUPLENTE,49710
71595,SUPLENTE,159
68389,ELEITO,34820
71596,SUPLENTE,3458
71597,SUPLENTE,2155
71598,SUPLENTE,683
71599,SUPLENTE,2128
71600,SUPLENTE,952
71601,SUPLENTE,136
71602,SUPLENTE,193
71603,SUPLENTE,1327
4822,SUPLENTE,924
71604,SUPLENTE,2086
71605,SUPLENTE,1489
71606,SUPLENTE,8012
1229,ELEITO,52183
64113,"NÃO ELEITO",155
71607,SUPLENTE,65
71608,"MÉDIA",2782
32375,ELEITO,74312
71609,"NÃO ELEITO",2839
71610,SUPLENTE,996
27509,SUPLENTE,349
71611,SUPLENTE,988
71612,SUPLENTE,1498
64653,SUPLENTE,5113
71613,SUPLENTE,264
71614,SUPLENTE,1699
65191,SUPLENTE,3947
71615,"NÃO ELEITO",75
63794,SUPLENTE,2492
71616,SUPLENTE,1766
71617,SUPLENTE,126
63836,SUPLENTE,526
5863,ELEITO,19862
66356,SUPLENTE,8237
71618,SUPLENTE,484
71619,SUPLENTE,133
71620,SUPLENTE,1232
71621,SUPLENTE,37137
65096,SUPLENTE,23291
71622,SUPLENTE,19461
71623,SUPLENTE,331
68657,SUPLENTE,9860
71624,SUPLENTE,920
71625,"NÃO ELEITO",353
13999,SUPLENTE,477
71626,"NÃO ELEITO",93
71627,SUPLENTE,1024
71628,SUPLENTE,839
71629,SUPLENTE,398
71630,ELEITO,45541
29691,SUPLENTE,427
64630,SUPLENTE,14626
65358,SUPLENTE,138
71631,SUPLENTE,381
71632,SUPLENTE,521
71633,SUPLENTE,174
67961,SUPLENTE,3173
71634,SUPLENTE,2322
71635,SUPLENTE,838
71636,SUPLENTE,97
71637,SUPLENTE,10931
71638,ELEITO,32563
43726,SUPLENTE,4829
64474,SUPLENTE,922
71639,SUPLENTE,421
71640,SUPLENTE,785
71641,SUPLENTE,583
65863,SUPLENTE,72352
63692,SUPLENTE,235
64039,"NÃO ELEITO",408
71642,"NÃO ELEITO",1639
71643,SUPLENTE,27
71644,SUPLENTE,707
27641,SUPLENTE,3598
69000,SUPLENTE,10685
71645,SUPLENTE,502
66328,SUPLENTE,740
71646,"NÃO ELEITO",18520
71647,SUPLENTE,3701
71648,"NÃO ELEITO",38
71649,ELEITO,77061
64718,"NÃO ELEITO",387
68643,SUPLENTE,1740
71650,ELEITO,26889
71651,SUPLENTE,9755
67938,SUPLENTE,8569
65875,SUPLENTE,437
33405,ELEITO,157580
71652,SUPLENTE,96
71653,SUPLENTE,11208
11981,SUPLENTE,2369
71654,SUPLENTE,384
63740,SUPLENTE,872
59442,ELEITO,30546
68453,SUPLENTE,2543
71655,ELEITO,65282
68932,SUPLENTE,2244
68999,SUPLENTE,4094
71656,SUPLENTE,1061
71657,SUPLENTE,1129
66088,SUPLENTE,15117
71658,"NÃO ELEITO",1781
69409,ELEITO,246591
71659,SUPLENTE,479
71660,ELEITO,77800
71661,SUPLENTE,149
40455,SUPLENTE,477
71662,SUPLENTE,106
71663,ELEITO,29009
25191,SUPLENTE,17312
71664,SUPLENTE,9513
71665,SUPLENTE,42989
71666,"NÃO ELEITO",7904
71667,SUPLENTE,722
45262,SUPLENTE,22576
71668,SUPLENTE,3487
71669,SUPLENTE,311
66705,SUPLENTE,7734
71670,SUPLENTE,570
70642,SUPLENTE,3621
71671,SUPLENTE,516
63779,SUPLENTE,1753
71672,SUPLENTE,246
2093,SUPLENTE,13826
69353,ELEITO,135078
71673,SUPLENTE,5774
66775,SUPLENTE,283
71674,SUPLENTE,409
71675,SUPLENTE,195
71676,SUPLENTE,3326
64141,ELEITO,37379
71677,SUPLENTE,8060
65397,SUPLENTE,31202
71678,SUPLENTE,115
71679,SUPLENTE,1223
68139,ELEITO,91774
71680,SUPLENTE,339
69892,SUPLENTE,2369
71681,SUPLENTE,360
71682,"NÃO ELEITO",851
71683,SUPLENTE,867
71684,SUPLENTE,2296
71685,SUPLENTE,32
71686,SUPLENTE,769
71687,SUPLENTE,4466
56662,ELEITO,92220
71688,SUPLENTE,272
71689,SUPLENTE,926
66227,SUPLENTE,560
71690,SUPLENTE,3983
71691,SUPLENTE,669
68600,SUPLENTE,891
71692,SUPLENTE,466
71693,SUPLENTE,189
64657,ELEITO,55831
71694,SUPLENTE,7870
71695,SUPLENTE,1420
71696,SUPLENTE,885
71697,SUPLENTE,1090
71698,"NÃO ELEITO",180288
71699,SUPLENTE,117
66125,SUPLENTE,17594
36121,SUPLENTE,3080
71700,SUPLENTE,1050
71701,SUPLENTE,533
71702,SUPLENTE,21691
71703,SUPLENTE,138
71704,SUPLENTE,864
71705,ELEITO,105406
68678,SUPLENTE,11965
71706,SUPLENTE,2936
71707,SUPLENTE,10056
71708,SUPLENTE,572
71709,SUPLENTE,6463
71710,SUPLENTE,13770
71711,SUPLENTE,504
70664,SUPLENTE,325
67934,ELEITO,47939
6394,SUPLENTE,36621
71712,SUPLENTE,910
71713,SUPLENTE,109
71714,SUPLENTE,674
71715,"NÃO ELEITO",309
71716,"NÃO ELEITO",228
43208,SUPLENTE,928
66691,SUPLENTE,437
71717,SUPLENTE,1588
71718,SUPLENTE,1685
15017,SUPLENTE,4152
66357,SUPLENTE,322
34516,SUPLENTE,8690
71719,"NÃO ELEITO",1874
66966,SUPLENTE,1851
71720,SUPLENTE,766
71721,"NÃO ELEITO",33624
66878,SUPLENTE,422
69864,"NÃO ELEITO",1754567
71722,SUPLENTE,325
62998,SUPLENTE,1228
68167,SUPLENTE,2629
71723,SUPLENTE,174
71724,SUPLENTE,414
68277,SUPLENTE,2320
71725,SUPLENTE,2292
71726,"NÃO ELEITO",5752
71727,SUPLENTE,636
66831,SUPLENTE,491
71728,SUPLENTE,1000
71729,SUPLENTE,1226
4970,SUPLENTE,24180
71730,SUPLENTE,5542
71731,SUPLENTE,255
68559,SUPLENTE,4704
71732,SUPLENTE,311
69856,SUPLENTE,863
63792,SUPLENTE,312
65473,"NÃO ELEITO",3651
71733,SUPLENTE,1355
71734,SUPLENTE,4024
68250,"NÃO ELEITO",328
71735,SUPLENTE,325
71736,ELEITO,39023
71737,SUPLENTE,1130
71738,SUPLENTE,290
67810,ELEITO,33856
71739,SUPLENTE,4624
71740,SUPLENTE,5441
71741,SUPLENTE,378
71742,SUPLENTE,120
71743,SUPLENTE,135
71744,SUPLENTE,750
69253,SUPLENTE,33557
71745,SUPLENTE,6078
27515,SUPLENTE,742
69372,SUPLENTE,7954
71746,SUPLENTE,772
71747,SUPLENTE,5381
71748,SUPLENTE,1057
71749,SUPLENTE,508
69525,SUPLENTE,82804
71750,SUPLENTE,960
71751,SUPLENTE,5831
70553,SUPLENTE,9305
71752,SUPLENTE,325
71753,SUPLENTE,111
71754,ELEITO,52679
71755,SUPLENTE,1127
71756,SUPLENTE,3815
71757,"NÃO ELEITO",253
30678,"MÉDIA",72589
71758,SUPLENTE,114
64724,SUPLENTE,1253
71759,SUPLENTE,465
71760,SUPLENTE,1596
71761,SUPLENTE,342
71762,SUPLENTE,888
71763,"NÃO ELEITO",1161
71764,SUPLENTE,112
68251,"NÃO ELEITO",251
63996,SUPLENTE,565
71765,SUPLENTE,14796
460,SUPLENTE,1859
65816,SUPLENTE,3955
1277,SUPLENTE,10513
70318,ELEITO,42301
71766,SUPLENTE,1798
71767,SUPLENTE,287
71768,SUPLENTE,1505
66185,SUPLENTE,371
71769,SUPLENTE,22218
71770,SUPLENTE,2460
71771,SUPLENTE,727
71772,SUPLENTE,809
71773,SUPLENTE,336
71774,SUPLENTE,594
68618,SUPLENTE,1741
71775,SUPLENTE,727
71776,SUPLENTE,3529
62612,ELEITO,51577
68397,SUPLENTE,212
68695,SUPLENTE,1681
71777,SUPLENTE,4926
71778,SUPLENTE,3225
71779,"NÃO ELEITO",1043
69247,"MÉDIA",91846
1504,ELEITO,4228
71780,SUPLENTE,592
71781,SUPLENTE,2928
28938,SUPLENTE,20681
71782,SUPLENTE,454
68147,SUPLENTE,721
71783,SUPLENTE,134
71784,SUPLENTE,377
66608,SUPLENTE,2042
71785,SUPLENTE,116
61131,SUPLENTE,6767
65550,"NÃO ELEITO",198
52453,SUPLENTE,5873
71786,SUPLENTE,779
71787,SUPLENTE,1128
71788,SUPLENTE,4118
71789,SUPLENTE,611
71790,SUPLENTE,376
71791,SUPLENTE,12811
2487,ELEITO,4805
64029,"NÃO ELEITO",194
56447,"MÉDIA",34949
71792,SUPLENTE,345
71793,SUPLENTE,3346
71794,SUPLENTE,359
71795,"NÃO ELEITO",23146
70713,SUPLENTE,301
64825,SUPLENTE,1324
71796,SUPLENTE,337
63853,SUPLENTE,2329
66291,ELEITO,150616
40083,SUPLENTE,26529
71797,ELEITO,38025
71798,SUPLENTE,297
71799,SUPLENTE,6583
71800,"NÃO ELEITO",4468
24163,SUPLENTE,13851
25787,ELEITO,26002
71801,SUPLENTE,2757
71802,SUPLENTE,2189
4844,"NÃO ELEITO",1225
71803,SUPLENTE,1046
71804,SUPLENTE,2161
71805,SUPLENTE,328
71806,SUPLENTE,6709
68818,SUPLENTE,1299
53554,SUPLENTE,6850
71807,SUPLENTE,333
71808,ELEITO,49839
66832,SUPLENTE,838
71809,SUPLENTE,18114
71810,SUPLENTE,41
68883,SUPLENTE,2894
45344,ELEITO,44135
68117,SUPLENTE,1258
71811,SUPLENTE,320
71812,SUPLENTE,1011
65551,"NÃO ELEITO",1825
71813,SUPLENTE,435
36093,SUPLENTE,6725
666,SUPLENTE,2126
71814,SUPLENTE,535
68273,SUPLENTE,11591
71815,ELEITO,63704
71816,SUPLENTE,413
71817,SUPLENTE,745
71818,SUPLENTE,695
71819,SUPLENTE,686
69009,SUPLENTE,16415
71820,SUPLENTE,2362
71821,SUPLENTE,432
46344,"MÉDIA",32369
66085,SUPLENTE,4756
71822,SUPLENTE,5898
71823,SUPLENTE,119
71824,SUPLENTE,780
71825,SUPLENTE,4490
71826,SUPLENTE,1134
71827,SUPLENTE,680
63719,SUPLENTE,3440
71828,SUPLENTE,1147
69823,"NÃO ELEITO",644
51065,"NÃO ELEITO",4192
71829,SUPLENTE,3242
71830,SUPLENTE,4500
71831,SUPLENTE,3235
68510,SUPLENTE,17038
71832,"NÃO ELEITO",1644
71833,SUPLENTE,108
25616,SUPLENTE,2359
71834,SUPLENTE,1543
71835,"NÃO ELEITO",1489
71836,SUPLENTE,26511
71837,SUPLENTE,395
71838,SUPLENTE,123
66918,SUPLENTE,99
68373,ELEITO,33203
71839,SUPLENTE,1996
71840,SUPLENTE,19926
71841,SUPLENTE,358
68866,SUPLENTE,1015
71842,SUPLENTE,810
71843,ELEITO,28328
71844,SUPLENTE,233
71845,SUPLENTE,855
71846,ELEITO,3532
69567,SUPLENTE,1697
71847,ELEITO,121684
38323,SUPLENTE,13734
64083,"NÃO ELEITO",648
71848,SUPLENTE,3251
64745,SUPLENTE,1629
71849,SUPLENTE,743
71850,SUPLENTE,926
71851,SUPLENTE,6048
71852,ELEITO,6442
71853,SUPLENTE,302
70573,SUPLENTE,29443
68921,SUPLENTE,1113
69859,SUPLENTE,3550
71854,SUPLENTE,1293
71855,SUPLENTE,55
67680,SUPLENTE,4506
43846,ELEITO,44355
71856,ELEITO,72822
71857,SUPLENTE,89
70083,SUPLENTE,359
70472,ELEITO,55219
71858,SUPLENTE,405
71859,SUPLENTE,385
71860,SUPLENTE,151
4857,SUPLENTE,645
71861,ELEITO,5570
71862,SUPLENTE,275
2695,"MÉDIA",4065
71863,SUPLENTE,1082
71864,SUPLENTE,4051
71865,"NÃO ELEITO",1295946
71866,SUPLENTE,4330
71867,SUPLENTE,13240
53699,SUPLENTE,5293
70290,"MÉDIA",41444
71868,SUPLENTE,565
66752,SUPLENTE,383
71869,SUPLENTE,41315
71870,SUPLENTE,524
71871,SUPLENTE,479
68842,SUPLENTE,9333
71872,SUPLENTE,793
2269,SUPLENTE,156
69013,SUPLENTE,21674
71873,SUPLENTE,1089
71874,SUPLENTE,341
68799,SUPLENTE,849
71875,SUPLENTE,1004
71876,SUPLENTE,1855
31648,SUPLENTE,707
66497,SUPLENTE,1723
71877,SUPLENTE,49
71878,SUPLENTE,273
71879,SUPLENTE,420
71880,SUPLENTE,1079
64771,SUPLENTE,1821
71881,SUPLENTE,212
71882,SUPLENTE,132
71883,"MÉDIA",22169
71884,SUPLENTE,473
71885,SUPLENTE,224
71886,SUPLENTE,240
71887,SUPLENTE,28035
71888,SUPLENTE,206
71889,SUPLENTE,781
66759,SUPLENTE,286
63807,SUPLENTE,3292
71890,SUPLENTE,152
71891,SUPLENTE,511
66932,SUPLENTE,6748
64271,SUPLENTE,404
71892,SUPLENTE,253
71893,SUPLENTE,503
65552,"NÃO ELEITO",412
71894,SUPLENTE,154
71895,SUPLENTE,13513
69528,ELEITO,116310
71896,SUPLENTE,628
71897,ELEITO,33235
71898,ELEITO,37742
71899,SUPLENTE,248
66067,SUPLENTE,3319
71900,"NÃO ELEITO",167
71901,SUPLENTE,42327
71902,SUPLENTE,43738
52850,SUPLENTE,439
71903,SUPLENTE,646
71904,SUPLENTE,1427
71905,ELEITO,694862
68338,SUPLENTE,1224
71906,SUPLENTE,1130
71907,SUPLENTE,13032
71908,SUPLENTE,431
71909,SUPLENTE,2843
71910,"MÉDIA",3026
71911,SUPLENTE,440
71912,SUPLENTE,1046
4001,SUPLENTE,1372
71913,SUPLENTE,59
71914,ELEITO,50497
71915,SUPLENTE,516
68694,SUPLENTE,785
71916,SUPLENTE,21034
71917,SUPLENTE,1900
71918,SUPLENTE,547
71919,SUPLENTE,241
71920,SUPLENTE,3635
69827,"NÃO ELEITO",1665
71921,SUPLENTE,1465
6288,SUPLENTE,2590
71922,SUPLENTE,1653
31613,ELEITO,89553
67075,SUPLENTE,5287
36856,SUPLENTE,20345
71923,SUPLENTE,147
71924,SUPLENTE,791
66729,SUPLENTE,780
71925,SUPLENTE,474
12490,SUPLENTE,3988
64624,SUPLENTE,969
71926,SUPLENTE,1744
71927,SUPLENTE,377
71928,"NÃO ELEITO",11249
70680,SUPLENTE,2029
71929,SUPLENTE,1014
65080,SUPLENTE,771
71930,SUPLENTE,505
71931,ELEITO,210366
67855,SUPLENTE,3020
71932,SUPLENTE,223
71933,SUPLENTE,6730
64115,"NÃO ELEITO",430
71934,SUPLENTE,1471
53262,SUPLENTE,805
71935,SUPLENTE,250
71936,SUPLENTE,112
71937,SUPLENTE,296
71938,SUPLENTE,5576
71939,SUPLENTE,594
71940,"NÃO ELEITO",2117
71941,SUPLENTE,867
71942,"NÃO ELEITO",470127
71943,"NÃO ELEITO",113
71944,SUPLENTE,2725
71945,SUPLENTE,679
71946,SUPLENTE,1027
71947,SUPLENTE,695
41115,"NÃO ELEITO",1715
71948,SUPLENTE,487
71949,"NÃO ELEITO",1424
71950,ELEITO,45843
36260,SUPLENTE,1506
3876,SUPLENTE,285
51643,SUPLENTE,1608
71951,SUPLENTE,179
67055,SUPLENTE,26907
71952,SUPLENTE,171
71953,SUPLENTE,2442
66354,SUPLENTE,1141
60195,"NÃO ELEITO",1183
64574,SUPLENTE,544
71954,ELEITO,34057
71955,"NÃO ELEITO",13320
71956,SUPLENTE,786
71957,SUPLENTE,1223
71958,SUPLENTE,5634
71959,SUPLENTE,1096
71960,SUPLENTE,1987
71961,SUPLENTE,566
71962,SUPLENTE,13050
71963,"NÃO ELEITO",192
71964,SUPLENTE,169
71965,SUPLENTE,1142
71966,SUPLENTE,321
71967,SUPLENTE,2258
71968,SUPLENTE,63
71969,SUPLENTE,186
71970,"NÃO ELEITO",4020
71971,SUPLENTE,1929
71972,"NÃO ELEITO",282
71973,SUPLENTE,250
68090,SUPLENTE,14
71974,SUPLENTE,767
71975,SUPLENTE,1961
71976,SUPLENTE,2278
64081,"NÃO ELEITO",164
71977,SUPLENTE,383
71978,SUPLENTE,766
71979,SUPLENTE,1860
69822,"NÃO ELEITO",372
71980,SUPLENTE,12
52770,SUPLENTE,8541
71981,SUPLENTE,3519
71982,SUPLENTE,213
63691,SUPLENTE,1016
12556,ELEITO,29368
64452,ELEITO,44213
71983,SUPLENTE,238
71984,SUPLENTE,25594
66348,SUPLENTE,507
71985,ELEITO,100009
71986,SUPLENTE,4426
71987,SUPLENTE,259
71988,SUPLENTE,1718
71989,SUPLENTE,868
71990,SUPLENTE,1116
71991,SUPLENTE,1159
71992,SUPLENTE,3795
64619,SUPLENTE,2517
68129,SUPLENTE,5597
12623,SUPLENTE,13990
71993,SUPLENTE,1146
66113,SUPLENTE,5248
66879,SUPLENTE,5627
71994,SUPLENTE,183
71995,SUPLENTE,735
71996,SUPLENTE,289
71997,SUPLENTE,434
51987,SUPLENTE,296
67113,SUPLENTE,98
71998,SUPLENTE,985
2698,SUPLENTE,323
71999,SUPLENTE,552
72000,SUPLENTE,203
72001,SUPLENTE,302
72002,"NÃO ELEITO",299
1502,SUPLENTE,78
68722,SUPLENTE,1014
72003,SUPLENTE,1937
64040,ELEITO,5397
72004,SUPLENTE,0
72005,SUPLENTE,113
72006,SUPLENTE,1613
8047,SUPLENTE,2919
67937,SUPLENTE,1110
72007,SUPLENTE,163
72008,SUPLENTE,2347
72009,SUPLENTE,129
72010,SUPLENTE,548
69002,SUPLENTE,500
72011,SUPLENTE,152
72012,"NÃO ELEITO",1850
72013,SUPLENTE,724
68922,SUPLENTE,293
1456,SUPLENTE,2691
14171,SUPLENTE,15128
72014,ELEITO,124504
72015,ELEITO,85358
72016,SUPLENTE,121
72017,SUPLENTE,17649
72018,SUPLENTE,1366
10436,SUPLENTE,207
72019,SUPLENTE,155
66931,SUPLENTE,13173
64442,SUPLENTE,248
72020,SUPLENTE,682
68549,SUPLENTE,7449
72021,SUPLENTE,61
68699,SUPLENTE,1594
72022,SUPLENTE,716
72023,SUPLENTE,1819
72024,SUPLENTE,2452
72025,SUPLENTE,139
72026,SUPLENTE,1651
64455,ELEITO,26276
69328,ELEITO,2688833
66325,SUPLENTE,859
72027,"NÃO ELEITO",134
72028,SUPLENTE,207
22602,"NÃO ELEITO",395
72029,ELEITO,31542
72030,SUPLENTE,289
72031,ELEITO,86162
66515,SUPLENTE,477
65726,SUPLENTE,2805
63710,ELEITO,205593
64171,SUPLENTE,4321
53325,SUPLENTE,734
72032,SUPLENTE,48
72033,SUPLENTE,90
66731,SUPLENTE,3225
72034,SUPLENTE,355
65076,SUPLENTE,39948
72035,SUPLENTE,602
72036,SUPLENTE,22
72037,SUPLENTE,88
72038,SUPLENTE,2274
72039,SUPLENTE,6282
72040,ELEITO,103611
72041,ELEITO,45894
7026,"NÃO ELEITO",138710
72042,SUPLENTE,469
63164,ELEITO,33514
65465,SUPLENTE,1003
72043,SUPLENTE,267
72044,SUPLENTE,814
72045,SUPLENTE,18038
28272,SUPLENTE,1364
72046,"NÃO ELEITO",604
72047,SUPLENTE,546
72048,SUPLENTE,833
72049,SUPLENTE,114
64650,SUPLENTE,446
64434,SUPLENTE,16575
72050,SUPLENTE,918
72051,SUPLENTE,138
72052,SUPLENTE,3538
72053,SUPLENTE,1641
13945,SUPLENTE,17977
72054,SUPLENTE,239
72055,SUPLENTE,277
66895,ELEITO,67035
72056,SUPLENTE,852
72057,SUPLENTE,89
72058,SUPLENTE,791
72059,SUPLENTE,446
66078,SUPLENTE,1967
72060,SUPLENTE,407
72061,SUPLENTE,30267
64769,SUPLENTE,15847
33839,SUPLENTE,801
65277,SUPLENTE,3110
70518,SUPLENTE,793
72062,SUPLENTE,4024
72063,SUPLENTE,350
72064,SUPLENTE,2010
72065,SUPLENTE,1895
64098,"NÃO ELEITO",216
72066,SUPLENTE,16770
72067,"NÃO ELEITO",334
72068,SUPLENTE,5713
72069,SUPLENTE,8289
72070,SUPLENTE,377
72071,SUPLENTE,25556
29303,SUPLENTE,226
72072,SUPLENTE,42
72073,SUPLENTE,302
72074,SUPLENTE,572
72075,SUPLENTE,738
1293,SUPLENTE,41
72076,SUPLENTE,41
72077,SUPLENTE,350
72078,SUPLENTE,211
66928,SUPLENTE,253
72079,SUPLENTE,492
72080,"NÃO ELEITO",3197
67834,SUPLENTE,21723
49028,SUPLENTE,169
72081,SUPLENTE,1509
72082,SUPLENTE,2
72083,SUPLENTE,131
70338,SUPLENTE,202
72084,SUPLENTE,154
72085,"NÃO ELEITO",955
72086,SUPLENTE,1269
72087,SUPLENTE,104
72088,SUPLENTE,718
72089,SUPLENTE,206
72090,SUPLENTE,874
72091,SUPLENTE,364
45329,SUPLENTE,2173
72092,SUPLENTE,196
63871,SUPLENTE,1393
36341,SUPLENTE,2804
72093,SUPLENTE,1052
72094,"MÉDIA",88562
67933,SUPLENTE,705
72095,SUPLENTE,1357
70277,ELEITO,131171
72096,"NÃO ELEITO",62909
63968,SUPLENTE,323
70594,"NÃO ELEITO",17094
72097,SUPLENTE,560
72098,ELEITO,38746
72099,SUPLENTE,258
66416,ELEITO,72824
12076,ELEITO,27059
72100,SUPLENTE,3310
66771,SUPLENTE,331
72101,SUPLENTE,2660
72102,ELEITO,25158
72103,SUPLENTE,1724
6317,SUPLENTE,12113
72104,"NÃO ELEITO",315
63806,SUPLENTE,1014
65097,SUPLENTE,9519
72105,SUPLENTE,26742
27506,SUPLENTE,635
72106,SUPLENTE,527
72107,SUPLENTE,606
72108,SUPLENTE,122
72109,SUPLENTE,97
25138,"NÃO ELEITO",387
72110,SUPLENTE,2591
31933,ELEITO,21987
51121,"NÃO ELEITO",143
72111,SUPLENTE,389
63270,SUPLENTE,1338
68476,SUPLENTE,3792
72112,SUPLENTE,22639
72113,ELEITO,96034
72114,SUPLENTE,7406
72115,SUPLENTE,964
72116,SUPLENTE,10785
72117,ELEITO,68469
72118,SUPLENTE,1460
72119,SUPLENTE,506
64364,ELEITO,84676
72120,SUPLENTE,13200
72121,"NÃO ELEITO",2567
66100,SUPLENTE,734
72122,SUPLENTE,874
72123,SUPLENTE,921
67145,"NÃO ELEITO",131980
72124,SUPLENTE,300
55758,SUPLENTE,6971
72125,SUPLENTE,1527
72126,SUPLENTE,1887
68205,ELEITO,111407
72127,ELEITO,85660
70075,"NÃO ELEITO",512
56058,ELEITO,58295
72128,SUPLENTE,807
72129,SUPLENTE,268
72130,SUPLENTE,10773
64026,SUPLENTE,1727
68379,SUPLENTE,3382
65855,"NÃO ELEITO",24695
72131,SUPLENTE,2747
64286,SUPLENTE,67372
72132,SUPLENTE,1589
72133,SUPLENTE,589
72134,SUPLENTE,140
72135,SUPLENTE,439
68138,SUPLENTE,17103
72136,SUPLENTE,513
72137,SUPLENTE,109
72138,SUPLENTE,828
16009,SUPLENTE,524
72139,SUPLENTE,3334
72140,SUPLENTE,248
34101,ELEITO,3332886
72141,SUPLENTE,943
72142,SUPLENTE,9
66058,SUPLENTE,2257
72143,SUPLENTE,839
72144,SUPLENTE,351
72145,SUPLENTE,468
69074,SUPLENTE,822
72146,SUPLENTE,224
72147,SUPLENTE,176
72148,SUPLENTE,24337
72149,SUPLENTE,1299
72150,SUPLENTE,1987
72151,SUPLENTE,834
72152,SUPLENTE,7813
72153,SUPLENTE,228
72154,SUPLENTE,291
72155,SUPLENTE,2771
72156,SUPLENTE,215
72157,"NÃO ELEITO",117848
72158,SUPLENTE,97
72159,SUPLENTE,811
67209,"MÉDIA",13018
72160,SUPLENTE,1337
64085,"NÃO ELEITO",289
72161,ELEITO,840809
72162,SUPLENTE,9186
72163,SUPLENTE,117
72164,SUPLENTE,1351
72165,SUPLENTE,2638
72166,SUPLENTE,21663
72167,SUPLENTE,821
72168,SUPLENTE,1020
72169,SUPLENTE,200
72170,SUPLENTE,223
64430,SUPLENTE,3025
72171,SUPLENTE,2786
68264,SUPLENTE,2256
72172,"NÃO ELEITO",112
72173,SUPLENTE,143
62720,"NÃO ELEITO",446
72174,SUPLENTE,1587
14690,SUPLENTE,4224
72175,SUPLENTE,35531
72176,SUPLENTE,1406
72177,SUPLENTE,362
72178,"NÃO ELEITO",8573
72179,SUPLENTE,80
72180,SUPLENTE,1082
72181,"MÉDIA",28798
66500,SUPLENTE,669
72182,SUPLENTE,22895
72183,SUPLENTE,780
67851,SUPLENTE,3097
72184,SUPLENTE,4851
72185,SUPLENTE,221
72186,SUPLENTE,2536
67639,SUPLENTE,3221
72187,SUPLENTE,640
72188,SUPLENTE,43187
72189,SUPLENTE,4659
72190,SUPLENTE,1802
63336,"NÃO ELEITO",14650
72191,SUPLENTE,485
72192,SUPLENTE,452
68882,SUPLENTE,221
68165,SUPLENTE,17397
63811,SUPLENTE,4008
72193,SUPLENTE,183
72194,SUPLENTE,820
68574,ELEITO,34733
28854,SUPLENTE,1405
72195,SUPLENTE,633
72196,SUPLENTE,457
72197,ELEITO,118863
68269,SUPLENTE,1593
72198,SUPLENTE,5898
72199,"NÃO ELEITO",227
72200,SUPLENTE,531
72201,SUPLENTE,1469
72202,SUPLENTE,94
68507,SUPLENTE,4107
72203,SUPLENTE,166
72204,SUPLENTE,1469
72205,SUPLENTE,690
72206,SUPLENTE,27
72207,"NÃO ELEITO",264
60184,"NÃO ELEITO",58732
72208,SUPLENTE,756
72209,SUPLENTE,153
72210,SUPLENTE,313
51093,"NÃO ELEITO",7615
68375,SUPLENTE,1103
64454,SUPLENTE,197
4095,"NÃO ELEITO",72
72211,SUPLENTE,129
72212,SUPLENTE,411
72213,SUPLENTE,90
72214,ELEITO,4764
72215,SUPLENTE,126
72216,SUPLENTE,1761
72217,SUPLENTE,2771
72218,SUPLENTE,113
72219,SUPLENTE,35957
72220,SUPLENTE,1951
72221,SUPLENTE,991
72222,ELEITO,62522
68371,SUPLENTE,1106
72223,ELEITO,56470
72224,SUPLENTE,306
55800,SUPLENTE,18319
72225,SUPLENTE,594
64287,SUPLENTE,9836
72226,SUPLENTE,2964
68837,SUPLENTE,1404
72227,SUPLENTE,359
72228,SUPLENTE,4016
72229,SUPLENTE,961
68243,"NÃO ELEITO",3303
72230,SUPLENTE,3087
72231,SUPLENTE,1678
64278,"MÉDIA",16206
72232,SUPLENTE,1621
69787,SUPLENTE,355
72233,SUPLENTE,669
67068,SUPLENTE,7519
72234,SUPLENTE,1440
68454,SUPLENTE,307
72235,SUPLENTE,683
26849,SUPLENTE,1043
54543,SUPLENTE,1744
72236,SUPLENTE,245
72237,SUPLENTE,7119
72238,SUPLENTE,152
72239,SUPLENTE,555
64094,"NÃO ELEITO",923
64691,SUPLENTE,3750
68066,SUPLENTE,516
72240,SUPLENTE,1183
72241,SUPLENTE,333
72242,SUPLENTE,212
66897,SUPLENTE,4635
72243,SUPLENTE,225
72244,SUPLENTE,217
68687,SUPLENTE,629
68903,SUPLENTE,464
66362,ELEITO,35069
72245,SUPLENTE,649
72246,SUPLENTE,272
54563,SUPLENTE,1232
72247,SUPLENTE,193
72248,SUPLENTE,577
72249,SUPLENTE,204
67069,SUPLENTE,4207
16682,SUPLENTE,15205
14689,SUPLENTE,1173
1214,SUPLENTE,3378
72250,SUPLENTE,2221
72251,SUPLENTE,232
65814,SUPLENTE,368
72252,SUPLENTE,230
72253,"NÃO ELEITO",6263
64033,"NÃO ELEITO",366
69059,SUPLENTE,3670
72254,SUPLENTE,98
52204,SUPLENTE,12916
70628,SUPLENTE,416
72255,SUPLENTE,3262
67013,SUPLENTE,315
72256,SUPLENTE,124
72257,SUPLENTE,404
72258,SUPLENTE,5655
72259,SUPLENTE,15026
72260,SUPLENTE,1043
72261,SUPLENTE,192
72262,SUPLENTE,744
63772,SUPLENTE,478
72263,SUPLENTE,669
72264,ELEITO,35508
70223,SUPLENTE,1741
67136,SUPLENTE,266
62999,SUPLENTE,9828
72265,SUPLENTE,823
72266,SUPLENTE,1464
72267,SUPLENTE,8
72268,SUPLENTE,13503
72269,SUPLENTE,801
65781,SUPLENTE,1712
72270,SUPLENTE,1608
72271,SUPLENTE,744
72272,SUPLENTE,110
72273,SUPLENTE,1287
72274,SUPLENTE,7782
65406,SUPLENTE,1579
64104,"NÃO ELEITO",495
69293,SUPLENTE,19540
15327,SUPLENTE,350
72275,SUPLENTE,170
72276,ELEITO,52525
68504,SUPLENTE,1221
66343,SUPLENTE,1225
72277,SUPLENTE,66144
72278,SUPLENTE,1515
16707,SUPLENTE,2903
67130,SUPLENTE,3022
69570,SUPLENTE,9401
64542,"NÃO ELEITO",14229
52580,SUPLENTE,269
72279,SUPLENTE,1345
65864,SUPLENTE,4540
72280,ELEITO,176286
66473,SUPLENTE,2902
69330,SUPLENTE,1611
66264,SUPLENTE,4006
72281,SUPLENTE,16204
66769,SUPLENTE,884
28835,SUPLENTE,25728
337,SUPLENTE,393
72282,"NÃO ELEITO",48793
72283,SUPLENTE,83
72284,ELEITO,36804
72285,SUPLENTE,665
70077,"NÃO ELEITO",504
72286,SUPLENTE,1142
40567,SUPLENTE,22418
72287,SUPLENTE,526
4830,"NÃO ELEITO",1712
66314,SUPLENTE,4285
70550,ELEITO,48445
72288,SUPLENTE,3691
68931,SUPLENTE,552
72289,SUPLENTE,1708
70675,SUPLENTE,345
64712,SUPLENTE,171
68490,SUPLENTE,222
72290,ELEITO,95412
68514,SUPLENTE,852
65418,SUPLENTE,1498
72291,SUPLENTE,799
68702,SUPLENTE,1219
72292,SUPLENTE,866
49252,ELEITO,61294
56073,SUPLENTE,69585
72293,SUPLENTE,5692
72294,SUPLENTE,71
68599,SUPLENTE,844
72295,SUPLENTE,89
64031,"NÃO ELEITO",635
72296,SUPLENTE,5250
72297,SUPLENTE,281
72298,SUPLENTE,108
72299,SUPLENTE,198
72300,SUPLENTE,53
72301,SUPLENTE,1213
66845,SUPLENTE,315
72302,SUPLENTE,647
72303,SUPLENTE,510
72304,"NÃO ELEITO",381
72305,SUPLENTE,241
72306,SUPLENTE,12392
69839,SUPLENTE,388
72307,SUPLENTE,39
72308,SUPLENTE,93
68248,"NÃO ELEITO",748
69361,SUPLENTE,45921
72309,ELEITO,37513
72310,SUPLENTE,8126
27358,SUPLENTE,134
72311,"NÃO ELEITO",83
72312,SUPLENTE,789
64465,SUPLENTE,279
66870,SUPLENTE,2304
72313,SUPLENTE,376
72314,SUPLENTE,590
72315,SUPLENTE,659
72316,ELEITO,113724
68405,SUPLENTE,17228
72317,"NÃO ELEITO",202
72318,SUPLENTE,258
72319,SUPLENTE,1792
72320,ELEITO,133152
72321,SUPLENTE,949
64597,SUPLENTE,2652
72322,ELEITO,84452
72323,SUPLENTE,843
72324,SUPLENTE,402
72325,SUPLENTE,465
72326,SUPLENTE,2035
72327,SUPLENTE,1202
27359,SUPLENTE,2210
72328,SUPLENTE,309
72329,"NÃO ELEITO",539
68275,SUPLENTE,319
65881,SUPLENTE,10396
66720,SUPLENTE,1200
5768,"MÉDIA",54937
72330,SUPLENTE,260
65339,SUPLENTE,51979
72331,SUPLENTE,2504
72332,SUPLENTE,1062
14148,SUPLENTE,1805
72333,SUPLENTE,601
67852,ELEITO,35176
66875,SUPLENTE,5816
72334,SUPLENTE,912
66944,SUPLENTE,13261
50911,SUPLENTE,1325
64198,ELEITO,90021
72335,SUPLENTE,264
68640,SUPLENTE,1895
52559,SUPLENTE,1586
72336,SUPLENTE,3677
72337,SUPLENTE,2289
72338,SUPLENTE,738
64114,"NÃO ELEITO",144
65272,ELEITO,57549
72339,SUPLENTE,2481
72340,"NÃO ELEITO",312
72341,SUPLENTE,1824
72342,SUPLENTE,694
72343,SUPLENTE,190
72344,SUPLENTE,748
72345,SUPLENTE,2051
69021,ELEITO,59983
65180,ELEITO,142714
65782,ELEITO,99457
72346,SUPLENTE,119
72347,SUPLENTE,1890
72348,SUPLENTE,763
4398,SUPLENTE,527
66707,SUPLENTE,18217
72349,SUPLENTE,35
65705,SUPLENTE,1350
64375,ELEITO,25229
72350,SUPLENTE,87
67596,SUPLENTE,5622
72351,SUPLENTE,1784
72352,SUPLENTE,1558
72353,ELEITO,24915
70592,"NÃO ELEITO",6756
72354,SUPLENTE,1196
72355,SUPLENTE,48
66747,SUPLENTE,16617
64030,"NÃO ELEITO",233
70649,SUPLENTE,464
447,SUPLENTE,1835
64567,SUPLENTE,215
72356,SUPLENTE,2269
72357,SUPLENTE,931
36904,SUPLENTE,806
72358,SUPLENTE,406
72359,SUPLENTE,230
72360,ELEITO,33664
66430,ELEITO,98164
35729,SUPLENTE,7801
67106,SUPLENTE,18251
72361,SUPLENTE,1537
72362,ELEITO,38856
72363,SUPLENTE,323
72364,SUPLENTE,3536
14887,SUPLENTE,230
24544,ELEITO,44015
72365,SUPLENTE,1646
72366,ELEITO,3398
72367,SUPLENTE,374
52686,ELEITO,146260
72368,SUPLENTE,487
72369,SUPLENTE,218
72370,SUPLENTE,12592
63722,SUPLENTE,70
72371,SUPLENTE,575
63793,SUPLENTE,567
72372,SUPLENTE,1304
72373,SUPLENTE,60
72374,SUPLENTE,611
72375,SUPLENTE,1086
72376,SUPLENTE,38059
72377,SUPLENTE,576
63887,ELEITO,4862
72378,ELEITO,82832
72379,SUPLENTE,2157
64623,SUPLENTE,107
72380,SUPLENTE,1109
72381,"NÃO ELEITO",417636
72382,SUPLENTE,13388
66501,SUPLENTE,148
64627,SUPLENTE,277
72383,SUPLENTE,2706
72384,SUPLENTE,506
69339,"NÃO ELEITO",2757
72385,SUPLENTE,936
72386,SUPLENTE,4899
72387,SUPLENTE,510
72388,SUPLENTE,11205
72389,SUPLENTE,485
72390,SUPLENTE,2319
69161,SUPLENTE,825
66513,SUPLENTE,9654
28958,SUPLENTE,1455
72391,SUPLENTE,735
72392,SUPLENTE,81
69204,SUPLENTE,941
72393,SUPLENTE,692
59117,SUPLENTE,18664
53596,SUPLENTE,19461
13877,ELEITO,118363
72394,SUPLENTE,11
72395,SUPLENTE,1463
72396,SUPLENTE,685
72397,SUPLENTE,468
72398,SUPLENTE,684
67557,SUPLENTE,635
72399,SUPLENTE,1358
72400,SUPLENTE,1882
72401,SUPLENTE,18652
72402,SUPLENTE,1047
72403,SUPLENTE,507
72404,"NÃO ELEITO",651
68527,SUPLENTE,2050
27233,SUPLENTE,13495
69599,SUPLENTE,3485
72405,SUPLENTE,12076
72406,SUPLENTE,2585
72407,SUPLENTE,1051
66327,SUPLENTE,1281
67930,SUPLENTE,10817
68712,SUPLENTE,7714
70655,SUPLENTE,552
67072,SUPLENTE,1798
67614,ELEITO,57018
72408,SUPLENTE,801
72409,SUPLENTE,165
72410,"MÉDIA",1690
72411,SUPLENTE,339
72412,SUPLENTE,9301
72413,SUPLENTE,111
72414,SUPLENTE,1015
72415,SUPLENTE,1722
69045,ELEITO,71000
66659,SUPLENTE,197
72416,SUPLENTE,372
64174,ELEITO,38043
72417,SUPLENTE,1344
72418,"NÃO ELEITO",22508
72419,SUPLENTE,27286
72420,SUPLENTE,174
72421,SUPLENTE,1581
72422,SUPLENTE,2117
72423,SUPLENTE,519
72424,SUPLENTE,547
620,SUPLENTE,2588
72425,SUPLENTE,2825
72426,SUPLENTE,225
69265,ELEITO,106121
72427,SUPLENTE,879
72428,SUPLENTE,688
72429,ELEITO,4213749
42424,ELEITO,44236
72430,SUPLENTE,1322
72431,SUPLENTE,292
72432,SUPLENTE,8761
72433,SUPLENTE,2478
72434,SUPLENTE,595
72435,SUPLENTE,362
